{"Keybinds":{"Ring":"Enum.KeyCode.R","Rapid":"Enum.KeyCode.Q","Toggle":"Enum.KeyCode.Tab","Shoot":"Enum.KeyCode.C","KillAll":"Enum.KeyCode.K","Gun":"Enum.KeyCode.G","Silent":"Enum.KeyCode.E"},"Settings":{"GuiTransparency":0,"ChamTransparency":0.699999999999999955591079014994,"OptOutErrorLogging":false,"DebugLogs":"Strict"},"FileVersion":"2.02","Features":{" Kill Player:":"","Toggle Noclip":false,"Toggle Shift Run":true,"Mute Other Radios":false,"Gun Esp":true,"Toggle Fly":false,"Kill Player Aura":true,"Remove Knife Delay":true,"View Dropped Gun":true,"Auto Grab Gun":true," Walk Speed":"50","All Esp":true,"See Dead Chat":true,"Toggle Inf Jump":true,"Coin Auto Farm":false," Crash Player:":""},"PositionData":""}